Arthur,Williams
Leroy,Ellis
Nell,Francis
Isaiah,Garza
Sarah,Cohen
Lily,Walsh
Allen,Cole
Patrick,Norton
Albert,Gross
Irene,Norman
Lloyd,Gilbert
Mattie,Erickson
Eric,Soto
Johnny,Stokes
Corey,Washington
Benjamin,Harper
Vernon,Wong
Ruth,Brown
Ronnie,Banks
Randall,Potter
Jacob,Powers
Gene,Miles
Angel,Flores
Johnny,Hale
Mabel,Zimmerman
Rhoda,Gray
Douglas,Bridges
Bettie,Cohen
Tom,Hall
Clara,Howard
Katherine,Warren
Harold,Harvey
Jesus,Clarke
Max,Jimenez
Sylvia,Santiago
Lucinda,Oliver
Elmer,Alvarado
Verna,Gross
Antonio,Brewer
Sophie,Willis
Rosa,Collins
Tillie,Poole
Harriett,Valdez
Stanley,Stevenson
Jean,Patrick
Arthur,Obrien
Alvin,Roberson
Tom,Martin
Mario,Rivera
Miguel,Riley
Aiden,Ryan
Louis,Reese
Ralph,Scott
Bertha,Williams
Marvin,Curtis
Andre,Hoffman
Frederick,Harper
Ora,Baker
Leroy,Reynolds
Henrietta,Christensen
Tillie,Mendez
Martha,Cortez
Wesley,Armstrong
Kenneth,Guerrero
Olivia,Mendoza
Patrick,Maldonado
Gary,Welch
Nellie,Benson
Edwin,Watkins
Tommy,Hawkins
Eva,Little
Frances,Gray
Charlie,Powers
Betty,Harvey
Olivia,Figueroa
Nancy,Burns
Abbie,Curry
Phillip,Malone
Jesse,Willis
Ruby,Duncan
Scott,Ward
Amy,McDonald
Gary,Griffith
Tony,Lynch
Roxie,Marshall
Cordelia,Moreno
Isabella,Gomez
Elsie,Freeman
Ethel,Bishop
Ruby,Morales
Allie,Carpenter
Phillip,Logan
Lula,Barber
Hester,Edwards
Della,Lloyd
Belle,Griffin
Clara,Brewer
Philip,Stephens
Richard,Hubbard
Emily,Parks
Glenn,Hamilton
Adrian,Wolfe
Vera,Watts
Howard,Collier
Brandon,Holloway
Rachel,Gibbs
Rebecca,Clarke
Caleb,George
Micheal,Hamilton
Barry,Cole
Connor,Ellis
Martha,Santiago
Belle,Graham
Eula,Curtis
Mable,Parsons
Janie,Gray
Ophelia,Harmon
Landon,Gordon
Leo,Lamb
Mabelle,Schneider
Kyle,Henry
Walter,Walters
Jeremy,Blair
Lola,Gilbert
Corey,Alvarez
Emma,Mathis
Sophia,Ward
Jeanette,Price
Etta,Collier
Hannah,Adams
Bess,Clarke
James,Crawford
Jennie,Powell
Lillian,Snyder
Timothy,Graves
Rhoda,James
Theodore,Farmer
Jennie,McCoy
Marguerite,Morales
Ophelia,Newman
Shawn,Bailey
Edith,Nichols
Evelyn,Robbins
Katie,Mann
Lloyd,Ryan
Shane,Benson
Janie,Christensen
William,Bates
Maurice,Bowman
Eric,Hunt
Hunter,Tate
Adrian,Gordon
Annie,Mitchell
Justin,Roberson
Bertha,Carter
Georgia,Rose
Alfred,Sanchez
George,Palmer
Glen,Cobb
Isabelle,Banks
Trevor,McGee
Alejandro,Jensen
Marvin,Hudson
Lilly,Gonzalez
Linnie,Paul
Harry,Willis
Luke,Cannon
Pearl,Mendez
Jennie,Jacobs
Scott,Gilbert
Juan,Goodman
Gregory,Sullivan
Augusta,Bates
Lawrence,Barker
George,Harrison
Carolyn,Howell
Luke,Flowers
Christine,Alvarez
Lizzie,Duncan
Mabel,Gilbert
Randall,Tucker
Rodney,Parsons
Francis,Richardson
Lelia,Wright
Zachary,Henderson
Adeline,Chandler
Iva,Wong
Katharine,Cook
Leona,Sanchez
Effie,Owens
Francis,Cannon
Gabriel,Kim
Isabel,James
Violet,Baldwin
Howard,Vasquez
Katharine,Sims
Jordan,Floyd
Abbie,Jennings
Richard,Hamilton
Leroy,Colon
Hannah,Briggs
Isaac,Lawson
Harvey,Haynes
Mayme,Briggs
Sally,Lee
Logan,French
Linnie,Munoz
Rodney,Nelson
Florence,Figueroa
Ethel,Summers
Dollie,Warren
Rachel,Hodges
Luella,Fisher
Brent,Obrien
Jack,Goodman
Janie,Williams
Edna,Baldwin
Isabelle,Thornton
Bobby,Martinez
Myrtie,Hammond
Howard,Mills
Gregory,Newton
Alvin,Pope
Elijah,Buchanan
John,Lloyd
Luke,Jennings
Inez,Douglas
Willie,McLaughlin
Earl,Holt
Lottie,Cooper
Delia,Moran
Lottie,Parker
Maud,Rivera
Sarah,Chandler
Sam,Myers
Noah,Robertson
Jessie,Gray
James,Nunez
Alta,Moore
Clara,Jefferson
Lily,Ortiz
Agnes,Richards
Lois,Ford
Peter,Bryant
Bryan,King
Lee,Gomez
Marcus,Ray
Caroline,Tate
Howard,Reynolds
Rena,Cross
Milton,Santiago
Scott,Hodges
Isabelle,Wallace
Della,Singleton
Luke,Moore
Leon,Cobb
Alma,Banks
Glenn,Pittman
Eugenia,Griffith
Callie,Haynes
Myrtie,French
Cecilia,Stanley
Hester,Daniel
Barbara,Robertson
Isaiah,Jefferson
Catherine,Long
Garrett,Pratt
Louis,Owen
Frances,Nash
Louisa,Martin
Jeff,Estrada
Christopher,Joseph
Caleb,Briggs
Lester,Klein
Brandon,Lamb
Nellie,Harris
Adelaide,Cox
Donald,Stone
Jeremy,Morton
Benjamin,Herrera
Ray,Romero
Polly,Reeves
Lulu,Herrera
Cynthia,Pierce
Jorge,Curtis
Lola,Douglas
Marian,Ramirez
Gertrude,Paul
Clara,Powers
Ella,Evans
Nell,Hunt
Charles,Peters
Jorge,Larson
Glen,Weaver
Elizabeth,Guerrero
Steve,Daniels
Lenora,Quinn
Noah,Vasquez
Gene,Cain
Craig,Potter
Bernice,Hawkins
Jane,Lambert
Virgie,Rivera
Aaron,Padilla
Gary,Washington
May,Mathis
Leo,Stephens
Rosa,Palmer
Allie,Dennis
Douglas,Cummings
Mable,Stevenson
Emma,Walker
Sam,Carson
Connor,Gordon
Connor,Rogers
Eva,Bryan
Caleb,Pearson
Caleb,Bowman
John,Neal
Ruby,Lloyd
Clifford,Carpenter
Kyle,Hoffman
Robert,Rodriquez
Estelle,Guzman
Randy,Howard
Jonathan,McDonald
Richard,Cooper
Johanna,Schwartz
Glenn,Evans
Barry,Miller
Marian,Hicks
Bertie,Foster
Etta,Walker
Mark,Norris
Nathaniel,Floyd
Lee,Lamb
Mike,Conner
Raymond,Norton
Leona,Lawson
Dean,Wilkins
Mittie,Roberts
Harriett,Johnston
Lida,Becker
Dennis,Mullins
Nathan,Blake
Larry,Burgess
Elizabeth,Reese
Lettie,Frazier
Nannie,Rowe
Mattie,Welch
Francisco,Dawson
Corey,Greene
Harriet,McLaughlin
Daisy,Roberts
Douglas,Rios
Estella,Lawrence
Marcus,Garcia
Dustin,Evans
Lou,Lynch
Celia,Turner
Kevin,Yates
Olive,Johnston
Earl,Freeman
Margaret,Lynch
Cynthia,Hayes
Mitchell,Newman
Emilie,Bishop
Evelyn,Underwood
Allen,Underwood
Linnie,Woods
Beatrice,Dawson
Rachel,Norman
Lydia,King
Mae,Mendez
Flora,Osborne
Clarence,Lambert
Belle,Christensen
Chase,Jackson
Maud,Boyd
Phoebe,Holland
Randall,Drake
Lawrence,Jones
Irene,Hines
Marc,Drake
Jared,Patterson
Maude,Garner
Jon,Bates
Lawrence,Hanson
Barry,Holt
Jerry,Parker
Nannie,Baker
Eleanor,Jenkins
Edna,Strickland
Lucy,Gonzales
Willie,Norris
Keith,Taylor
Genevieve,Cruz
Robert,Saunders
Adeline,Moss
Jared,Hall
Loretta,Kim
Willie,Tucker
Susie,Mann
Cecelia,Morgan
Eunice,Pittman
Rosalie,Maldonado
Elsie,Cruz
Noah,Quinn
Scott,Mann
Marguerite,Ray
Brandon,Tyler
Fanny,Andrews
Nell,Gutierrez
Troy,Lamb
Cornelia,Hodges
Alberta,Kennedy
Clarence,Patton
Ray,Gordon
Dustin,Abbott
Erik,Cobb
Polly,Mack
Dennis,Murphy
Scott,Cunningham
Brett,Steele
Katherine,Holloway
Chase,Stewart
Henrietta,Russell
Harriett,Wheeler
Dora,Stephens
Earl,Snyder
Eliza,Williamson
Anthony,Graham
Rosetta,Hicks
Tom,Bowen
Gilbert,Reid
Ann,Hamilton
Madge,Salazar
Inez,Zimmerman
Essie,Harrison
Steven,Kelley
Jimmy,Roy
Eric,George
Sarah,Waters
Victor,Farmer
Leon,Page
Mable,Wagner
Bess,Ramos
Derek,Boyd
Chad,Jacobs
Glenn,Bush
Gabriel,Dean
Jay,Walsh
Ethan,Pratt
Gerald,Hanson
Elnora,Bryan
Chad,Roberts
Henrietta,Hicks
Oscar,McKenzie
Marie,Sullivan
Gussie,Banks
Martha,Dennis
Chris,Yates
Lela,Harvey
Francis,Hall
Bill,Powell
Miguel,Gill
Jacob,Cohen
Raymond,Gilbert
Patrick,Russell
Maggie,Houston
Violet,Bowen
Marvin,Stone
Millie,Grant
Darrell,Carlson
Adeline,Vega
Stella,Hale
Roxie,Murphy
Ora,Griffith
Josie,Moody
Blake,Willis
Elnora,Waters
Gilbert,McGuire
Edith,Holloway
Brent,Beck
Francis,Wong
Lora,Reeves
Leah,Jefferson
Arthur,Gutierrez
Cordelia,Walters
Sam,Hamilton
Zachary,Tate
May,Munoz
Inez,Simpson
Helen,Banks
Johnny,Delgado
Mike,Ferguson
Arthur,Palmer
Lena,Estrada
Elmer,Walker
Lottie,Ortega